title,year,cid
Jaws,1975,1
Jaws,1975,2
Jaws,1975,3
The Godfather,1972,4
The Godfather,1972,5
The Godfather,1972,6
Kill Bill: Vol. 1,2003,7
Kill Bill: Vol. 1,2003,8
Kill Bill: Vol. 1,2003,9
Kill Bill: Vol. 1,2003,10
Kill Bill: Vol. 1,2003,11
Kill Bill: Vol. 1,2003,12
The Hateful Eight,2015,13
The Hateful Eight,2015,14
The Hateful Eight,2015,15
Pulp Fiction,1994,16
Pulp Fiction,1994,17
Pulp Fiction,1994,18
V for Vendetta,2005,19
V for Vendetta,2005,20
Star Wars: Episode IV - A New Hope,1977,21
Star Wars: Episode IV - A New Hope,1977,22
Star Wars: Episode IV - A New Hope,1977,23
Star Wars: Episode IV - A New Hope,1977,24
Train to Busan,2016,25
Train to Busan,2016,26
Scott Pilgrim vs. the World,2010,27
Scott Pilgrim vs. the World,2010,28
Scott Pilgrim vs. the World,2010,29
Mulan,1998,30
Mulan,1998,31
Mulan,1998,32
Heathers,1988,33
Heathers,1988,34
The Avengers,2012,35
The Avengers,2012,36
The Avengers,2012,37
The Avengers,2012,38
The Avengers,2012,39
The Avengers,2012,40
The Avengers,2012,41
Your Name,2016,42
Your Name,2016,43
A Star Is Born,2018,44
A Star Is Born,2018,45